url,query
https://huginternet-hug23sitestma172.ideative.io/en/actualite/csfe/18th-annual-ski-and-snowboard-camp-young-transplant-patients-will-took-place-march, "details on 18th annual ski and snowboard camp for transplant patients"
https://huginternet-hug23sitestma172.ideative.io/en/actualite/csfe/18th-annual-ski-and-snowboard-camp-young-transplant-patients-will-took-place-march, "ski camp for young transplant patients Anzère March 2019"
https://huginternet-hug23sitestma172.ideative.io/en/actualite/csfe/18th-annual-ski-and-snowboard-camp-young-transplant-patients-will-took-place-march, "2019 ski and snowboard camp for young transplant patients"
https://huginternet-hug23sitestma172.ideative.io/en/actualite/csfe/18th-annual-ski-and-snowboard-camp-young-transplant-patients-will-took-place-march, "Anzère ski camp for transplant kids March 2019"
https://huginternet-hug23sitestma172.ideative.io/en/actualite/csfe/18th-annual-ski-and-snowboard-camp-young-transplant-patients-will-took-place-march, "annual ski camp for young transplant recipients 2019"
https://huginternet-hug23sitestma172.ideative.io/en/actualite/csfe/animated-video-better-understanding-portal-hypertension, "portal hypertension animation"
https://huginternet-hug23sitestma172.ideative.io/en/actualite/csfe/animated-video-better-understanding-portal-hypertension, "portal hypertension educational video"
https://huginternet-hug23sitestma172.ideative.io/en/actualite/csfe/animated-video-better-understanding-portal-hypertension, "understanding portal hypertension"
https://huginternet-hug23sitestma172.ideative.io/en/actualite/csfe/animated-video-better-understanding-portal-hypertension, "portal hypertension patient education"
https://huginternet-hug23sitestma172.ideative.io/en/actualite/csfe/animated-video-better-understanding-portal-hypertension, "portal hypertension HUG video"
https://huginternet-hug23sitestma172.ideative.io/en/actualite/csfe/annual-rapport-discover-key-figures-2018-2020-swiss-pediatric-liver-center, "Swiss Pediatric Liver Center annual report"
https://huginternet-hug23sitestma172.ideative.io/en/actualite/csfe/annual-rapport-discover-key-figures-2018-2020-swiss-pediatric-liver-center, "key figures Swiss Pediatric Liver Center 2018-2020"
https://huginternet-hug23sitestma172.ideative.io/en/actualite/csfe/annual-rapport-discover-key-figures-2018-2020-swiss-pediatric-liver-center, "SPLC 2018-2020 statistics"
https://huginternet-hug23sitestma172.ideative.io/en/actualite/csfe/annual-rapport-discover-key-figures-2018-2020-swiss-pediatric-liver-center, "Swiss Pediatric Liver Center achievements 2018-2020"
https://huginternet-hug23sitestma172.ideative.io/en/actualite/csfe/annual-rapport-discover-key-figures-2018-2020-swiss-pediatric-liver-center, "annual report SPLC"
https://huginternet-hug23sitestma172.ideative.io/en/actualite/csfe/association-mahana4kids-organizes-marche-pour-vie-promote-organ-donation-and-support, "Mahana4Kids organ donation event"
https://huginternet-hug23sitestma172.ideative.io/en/actualite/csfe/association-mahana4kids-organizes-marche-pour-vie-promote-organ-donation-and-support, "marche pour la vie event details"
https://huginternet-hug23sitestma172.ideative.io/en/actualite/csfe/association-mahana4kids-organizes-marche-pour-vie-promote-organ-donation-and-support, "support for families of children with liver disease"
https://huginternet-hug23sitestma172.ideative.io/en/actualite/csfe/association-mahana4kids-organizes-marche-pour-vie-promote-organ-donation-and-support, "organ donation awareness walk"
https://huginternet-hug23sitestma172.ideative.io/en/actualite/csfe/association-mahana4kids-organizes-marche-pour-vie-promote-organ-donation-and-support, "Mahana4Kids liver disease support"
https://huginternet-hug23sitestma172.ideative.io/en/actualite/csfe/big-yellow-friday-yellow-month-day-and-month-dedicated-children-liver-disease, "Big Yellow Friday event"
https://huginternet-hug23sitestma172.ideative.io/en/actualite/csfe/big-yellow-friday-yellow-month-day-and-month-dedicated-children-liver-disease, "Yellow Month awareness"
https://huginternet-hug23sitestma172.ideative.io/en/actualite/csfe/big-yellow-friday-yellow-month-day-and-month-dedicated-children-liver-disease, "children with liver disease awareness month"
https://huginternet-hug23sitestma172.ideative.io/en/actualite/csfe/big-yellow-friday-yellow-month-day-and-month-dedicated-children-liver-disease, "supporting children with liver disease"
https://huginternet-hug23sitestma172.ideative.io/en/actualite/csfe/big-yellow-friday-yellow-month-day-and-month-dedicated-children-liver-disease, "Big Yellow Friday details"
https://huginternet-hug23sitestma172.ideative.io/en/actualite/csfe/congratulation-all-participants-marche-pour-vie-organized-mahana4kids-association, "Marche pour la Vie participants"
https://huginternet-hug23sitestma172.ideative.io/en/actualite/csfe/congratulation-all-participants-marche-pour-vie-organized-mahana4kids-association, "Mahana4Kids event success"
https://huginternet-hug23sitestma172.ideative.io/en/actualite/csfe/congratulation-all-participants-marche-pour-vie-organized-mahana4kids-association, "Marche pour la Vie 2023 recap"
https://huginternet-hug23sitestma172.ideative.io/en/actualite/csfe/congratulation-all-participants-marche-pour-vie-organized-mahana4kids-association, "thank you participants Mahana4Kids"
https://huginternet-hug23sitestma172.ideative.io/en/actualite/csfe/congratulation-all-participants-marche-pour-vie-organized-mahana4kids-association, "event highlights Mahana4Kids walk"
https://huginternet-hug23sitestma172.ideative.io/en/actualite/csfe/eaps-2022-prof-valerie-mclin-congenital-portosystemic-shunts-identification-and, "congenital portosystemic shunts EAPS 2022"
https://huginternet-hug23sitestma172.ideative.io/en/actualite/csfe/eaps-2022-prof-valerie-mclin-congenital-portosystemic-shunts-identification-and, "Prof. Valérie McLin portosystemic shunts"
https://huginternet-hug23sitestma172.ideative.io/en/actualite/csfe/eaps-2022-prof-valerie-mclin-congenital-portosystemic-shunts-identification-and, "portosystemic shunts therapy 2022"
https://huginternet-hug23sitestma172.ideative.io/en/actualite/csfe/eaps-2022-prof-valerie-mclin-congenital-portosystemic-shunts-identification-and, "EAPS 2022 liver shunts"
https://huginternet-hug23sitestma172.ideative.io/en/actualite/csfe/eaps-2022-prof-valerie-mclin-congenital-portosystemic-shunts-identification-and, "treatment for portosystemic shunts"
https://huginternet-hug23sitestma172.ideative.io/en/actualite/csfe/evlk-association-organizing-their-annual-meeting-saturday-september-9-2023-aquatis, "EVLK annual meeting 2023"
https://huginternet-hug23sitestma172.ideative.io/en/actualite/csfe/evlk-association-organizing-their-annual-meeting-saturday-september-9-2023-aquatis, "EVLK Aquatis Lausanne event"
https://huginternet-hug23sitestma172.ideative.io/en/actualite/csfe/evlk-association-organizing-their-annual-meeting-saturday-september-9-2023-aquatis, "September 2023 organ donation day"
https://huginternet-hug23sitestma172.ideative.io/en/actualite/csfe/evlk-association-organizing-their-annual-meeting-saturday-september-9-2023-aquatis, "Mahana4Kids collaboration event"
https://huginternet-hug23sitestma172.ideative.io/en/actualite/csfe/evlk-association-organizing-their-annual-meeting-saturday-september-9-2023-aquatis, "Marche pour la vie 2023 welcome"
https://huginternet-hug23sitestma172.ideative.io/en/actualite/csfe/evlk-organizes-family-event-swiss-museum-transport-lucern-1st-april-2023, "EVLK family event 2023"
https://huginternet-hug23sitestma172.ideative.io/en/actualite/csfe/evlk-organizes-family-event-swiss-museum-transport-lucern-1st-april-2023, "Swiss Museum of Transport event details"
https://huginternet-hug23sitestma172.ideative.io/en/actualite/csfe/evlk-organizes-family-event-swiss-museum-transport-lucern-1st-april-2023, "Lucern family event April 2023"
https://huginternet-hug23sitestma172.ideative.io/en/actualite/csfe/evlk-organizes-family-event-swiss-museum-transport-lucern-1st-april-2023, "EVLK Lucern event"
https://huginternet-hug23sitestma172.ideative.io/en/actualite/csfe/evlk-organizes-family-event-swiss-museum-transport-lucern-1st-april-2023, "April 2023 family event"
https://huginternet-hug23sitestma172.ideative.io/en/actualite/csfe/evlk-organizes-family-event-zoo-zurich-13th-april-2024, "EVLK family event Zurich 2024"
https://huginternet-hug23sitestma172.ideative.io/en/actualite/csfe/evlk-organizes-family-event-zoo-zurich-13th-april-2024, "Zurich zoo family event April 2024"
https://huginternet-hug23sitestma172.ideative.io/en/actualite/csfe/evlk-organizes-family-event-zoo-zurich-13th-april-2024, "EVLK Zurich event details"
https://huginternet-hug23sitestma172.ideative.io/en/actualite/csfe/evlk-organizes-family-event-zoo-zurich-13th-april-2024, "2024 family event at Zurich zoo"
https://huginternet-hug23sitestma172.ideative.io/en/actualite/csfe/evlk-organizes-family-event-zoo-zurich-13th-april-2024, "EVLK zoo event 2024"
https://huginternet-hug23sitestma172.ideative.io/en/actualite/csfe/four-children-transplants-were-able-join-players-during-xamaxlucerne-match, "Xamax Lucerne match organ donation awareness"
https://huginternet-hug23sitestma172.ideative.io/en/actualite/csfe/four-children-transplants-were-able-join-players-during-xamaxlucerne-match, "children with transplants join soccer match"
https://huginternet-hug23sitestma172.ideative.io/en/actualite/csfe/four-children-transplants-were-able-join-players-during-xamaxlucerne-match, "importance of organ donation highlighted during Xamax Lucerne match"
https://huginternet-hug23sitestma172.ideative.io/en/actualite/csfe/four-children-transplants-were-able-join-players-during-xamaxlucerne-match, "soccer event for transplant awareness Xamax Lucerne"
https://huginternet-hug23sitestma172.ideative.io/en/actualite/csfe/four-children-transplants-were-able-join-players-during-xamaxlucerne-match, "Xamax Lucerne match children transplants participation"
https://huginternet-hug23sitestma172.ideative.io/en/actualite/csfe/get-answers-your-questions, "What happens during medical exams at HUG?"
https://huginternet-hug23sitestma172.ideative.io/en/actualite/csfe/get-answers-your-questions, "Preparation steps for liver transplant"
https://huginternet-hug23sitestma172.ideative.io/en/actualite/csfe/get-answers-your-questions, "Post-liver transplant care at home"
https://huginternet-hug23sitestma172.ideative.io/en/actualite/csfe/get-answers-your-questions, "Waiting period activities before transplant"
https://huginternet-hug23sitestma172.ideative.io/en/actualite/csfe/get-answers-your-questions, "HUG FAQ for medical questions"
https://huginternet-hug23sitestma172.ideative.io/en/actualite/csfe/hepatant-song-performed-floxs-help-children-liver-transplants, "Les Floxs charity song for children"
https://huginternet-hug23sitestma172.ideative.io/en/actualite/csfe/hepatant-song-performed-floxs-help-children-liver-transplants, "Hépatant song liver transplant support"
https://huginternet-hug23sitestma172.ideative.io/en/actualite/csfe/hepatant-song-performed-floxs-help-children-liver-transplants, "music for liver transplant children"
https://huginternet-hug23sitestma172.ideative.io/en/actualite/csfe/hepatant-song-performed-floxs-help-children-liver-transplants, "supporting children with liver transplants"
https://huginternet-hug23sitestma172.ideative.io/en/actualite/csfe/hepatant-song-performed-floxs-help-children-liver-transplants, "Les Floxs Hépatant song"
https://huginternet-hug23sitestma172.ideative.io/en/actualite/csfe/jelena-young-liver-transplant-patient-shares-us-her-beautiful-dance-performance, "Jelena liver transplant dance performance"
https://huginternet-hug23sitestma172.ideative.io/en/actualite/csfe/jelena-young-liver-transplant-patient-shares-us-her-beautiful-dance-performance, "young transplant patient dance"
https://huginternet-hug23sitestma172.ideative.io/en/actualite/csfe/jelena-young-liver-transplant-patient-shares-us-her-beautiful-dance-performance, "liver transplant patient dance performance"
https://huginternet-hug23sitestma172.ideative.io/en/actualite/csfe/jelena-young-liver-transplant-patient-shares-us-her-beautiful-dance-performance, "Jelena dance for transplant awareness"
https://huginternet-hug23sitestma172.ideative.io/en/actualite/csfe/jelena-young-liver-transplant-patient-shares-us-her-beautiful-dance-performance, "dance performance by young liver transplant patient"
https://huginternet-hug23sitestma172.ideative.io/en/actualite/csfe/kidsetransplant-wins-award-2nd-annual-debiopharm-inartis-challenge, "KidsETransplant award Debiopharm-Inartis Challenge"
https://huginternet-hug23sitestma172.ideative.io/en/actualite/csfe/kidsetransplant-wins-award-2nd-annual-debiopharm-inartis-challenge, "Debiopharm-Inartis Challenge winner"
https://huginternet-hug23sitestma172.ideative.io/en/actualite/csfe/kidsetransplant-wins-award-2nd-annual-debiopharm-inartis-challenge, "KidsETransplant project award"
https://huginternet-hug23sitestma172.ideative.io/en/actualite/csfe/kidsetransplant-wins-award-2nd-annual-debiopharm-inartis-challenge, "2nd annual Debiopharm-Inartis Challenge results"
https://huginternet-hug23sitestma172.ideative.io/en/actualite/csfe/kidsetransplant-wins-award-2nd-annual-debiopharm-inartis-challenge, "Debiopharm-Inartis Challenge 2024 winner"
https://huginternet-hug23sitestma172.ideative.io/en/actualite/csfe/magazine-swisstransplant-30-years-swiss-paediatric-liver-center, "Swisstransplant magazine 30th anniversary"
https://huginternet-hug23sitestma172.ideative.io/en/actualite/csfe/magazine-swisstransplant-30-years-swiss-paediatric-liver-center, "30 years Swiss paediatric liver center"
https://huginternet-hug23sitestma172.ideative.io/en/actualite/csfe/magazine-swisstransplant-30-years-swiss-paediatric-liver-center, "history of Swiss paediatric liver center"
https://huginternet-hug23sitestma172.ideative.io/en/actualite/csfe/magazine-swisstransplant-30-years-swiss-paediatric-liver-center, "Swisstransplant magazine special issue"
https://huginternet-hug23sitestma172.ideative.io/en/actualite/csfe/magazine-swisstransplant-30-years-swiss-paediatric-liver-center, "Swiss paediatric liver center milestones"
https://huginternet-hug23sitestma172.ideative.io/en/actualite/csfe/merry-christmas-best-wishes-2021, "Merry Christmas wishes 2021"
https://huginternet-hug23sitestma172.ideative.io/en/actualite/csfe/merry-christmas-best-wishes-2021, "HUG Christmas message 2021"
https://huginternet-hug23sitestma172.ideative.io/en/actualite/csfe/merry-christmas-best-wishes-2021, "HUG best wishes for 2021"
https://huginternet-hug23sitestma172.ideative.io/en/actualite/csfe/merry-christmas-best-wishes-2021, "Christmas greeting 2021 HUG"
https://huginternet-hug23sitestma172.ideative.io/en/actualite/csfe/merry-christmas-best-wishes-2021, "holiday greetings 2021 HUG"
https://huginternet-hug23sitestma172.ideative.io/en/actualite/csfe/merry-christmas-best-wishes-2023, "Merry Christmas wishes 2023"
https://huginternet-hug23sitestma172.ideative.io/en/actualite/csfe/merry-christmas-best-wishes-2023, "HUG Christmas message 2023"
https://huginternet-hug23sitestma172.ideative.io/en/actualite/csfe/merry-christmas-best-wishes-2023, "HUG best wishes for 2023"
https://huginternet-hug23sitestma172.ideative.io/en/actualite/csfe/merry-christmas-best-wishes-2023, "Christmas greeting 2023 HUG"
https://huginternet-hug23sitestma172.ideative.io/en/actualite/csfe/merry-christmas-best-wishes-2023, "holiday greetings 2023 HUG"
https://huginternet-hug23sitestma172.ideative.io/en/actualite/csfe/merry-christmas-best-wishes-2024, "Merry Christmas wishes 2024"
https://huginternet-hug23sitestma172.ideative.io/en/actualite/csfe/merry-christmas-best-wishes-2024, "HUG Christmas message 2024"
https://huginternet-hug23sitestma172.ideative.io/en/actualite/csfe/merry-christmas-best-wishes-2024, "HUG best wishes for 2024"
https://huginternet-hug23sitestma172.ideative.io/en/actualite/csfe/merry-christmas-best-wishes-2024, "Christmas greeting 2024 HUG"
https://huginternet-hug23sitestma172.ideative.io/en/actualite/csfe/merry-christmas-best-wishes-2024, "holiday greetings 2024 HUG"
https://huginternet-hug23sitestma172.ideative.io/en/actualite/csfe/swiss-paediatric-liver-center-celebrated-its-30th-anniversary, "Swiss paediatric liver center 30th anniversary"
https://huginternet-hug23sitestma172.ideative.io/en/actualite/csfe/swiss-paediatric-liver-center-celebrated-its-30th-anniversary, "Swiss paediatric liver center history"
https://huginternet-hug23sitestma172.ideative.io/en/actualite/csfe/swiss-paediatric-liver-center-celebrated-its-30th-anniversary, "Swiss paediatric liver center achievements"
https://huginternet-hug23sitestma172.ideative.io/en/actualite/csfe/swiss-paediatric-liver-center-celebrated-its-30th-anniversary, "Swiss paediatric liver center milestones"
https://huginternet-hug23sitestma172.ideative.io/en/actualite/csfe/swiss-paediatric-liver-center-celebrated-its-30th-anniversary, "Swiss paediatric liver center news"
https://huginternet-hug23sitestma172.ideative.io/en/actualite/csfe/three-experts-specialized-pediatric-liver-transplantation-are-publishing-new-guide, "Pediatric liver transplantation clinical guide"
https://huginternet-hug23sitestma172.ideative.io/en/actualite/csfe/three-experts-specialized-pediatric-liver-transplantation-are-publishing-new-guide, "Authors of Pediatric Liver Transplantation: A Clinical Guide"
https://huginternet-hug23sitestma172.ideative.io/en/actualite/csfe/three-experts-specialized-pediatric-liver-transplantation-are-publishing-new-guide, "Valérie McLin pediatric liver transplant"
https://huginternet-hug23sitestma172.ideative.io/en/actualite/csfe/three-experts-specialized-pediatric-liver-transplantation-are-publishing-new-guide, "Nedim Hadzic liver transplant guide"
https://huginternet-hug23sitestma172.ideative.io/en/actualite/csfe/three-experts-specialized-pediatric-liver-transplantation-are-publishing-new-guide, "Ulrich Baumann pediatric liver transplantation book"
https://huginternet-hug23sitestma172.ideative.io/en/csfe, "Swiss Pediatric Liver Center services"
https://huginternet-hug23sitestma172.ideative.io/en/csfe, "Pediatric liver disease treatment in Switzerland"
https://huginternet-hug23sitestma172.ideative.io/en/csfe, "HUG pediatric liver transplantation"
https://huginternet-hug23sitestma172.ideative.io/en/csfe, "Liver disease medical examinations for children"
https://huginternet-hug23sitestma172.ideative.io/en/csfe, "Swiss Child Liver Center research"
https://huginternet-hug23sitestma172.ideative.io/en/csfe/center/contact-directions, "Swiss pediatric liver center contact information"
https://huginternet-hug23sitestma172.ideative.io/en/csfe/center/contact-directions, "how to get to Swiss pediatric liver center"
https://huginternet-hug23sitestma172.ideative.io/en/csfe/center/contact-directions, "Swiss pediatric liver center directions"
https://huginternet-hug23sitestma172.ideative.io/en/csfe/center/contact-directions, "Swiss pediatric liver center public transport"
https://huginternet-hug23sitestma172.ideative.io/en/csfe/center/contact-directions, "Swiss pediatric liver center phone number"
https://huginternet-hug23sitestma172.ideative.io/en/csfe/center/key-figures, "Swiss pediatric liver center key figures"
https://huginternet-hug23sitestma172.ideative.io/en/csfe/center/key-figures, "Swiss pediatric liver center statistics 2018-2020"
https://huginternet-hug23sitestma172.ideative.io/en/csfe/center/key-figures, "Swiss pediatric liver center data"
https://huginternet-hug23sitestma172.ideative.io/en/csfe/center/key-figures, "Swiss pediatric liver center performance metrics"
https://huginternet-hug23sitestma172.ideative.io/en/csfe/center/key-figures, "Swiss pediatric liver center annual report"
https://huginternet-hug23sitestma172.ideative.io/en/csfe/center/make-donation, "How can I donate to the Swiss Pediatric Liver Center?"
https://huginternet-hug23sitestma172.ideative.io/en/csfe/center/make-donation, "Ways to support the Swiss Pediatric Liver Center"
https://huginternet-hug23sitestma172.ideative.io/en/csfe/center/make-donation, "Where to donate for liver disease research in children"
https://huginternet-hug23sitestma172.ideative.io/en/csfe/center/make-donation, "Financial support for pediatric liver disease"
https://huginternet-hug23sitestma172.ideative.io/en/csfe/center/make-donation, "Donation options for the Swiss Pediatric Liver Center"
https://huginternet-hug23sitestma172.ideative.io/en/csfe/center/national-international-collaborations, "What are the international collaborations of the Swiss Pediatric Liver Center?"
https://huginternet-hug23sitestma172.ideative.io/en/csfe/center/national-international-collaborations, "National partnerships of the Swiss Pediatric Liver Center"
https://huginternet-hug23sitestma172.ideative.io/en/csfe/center/national-international-collaborations, "European collaborations of the Swiss Pediatric Liver Center"
https://huginternet-hug23sitestma172.ideative.io/en/csfe/center/national-international-collaborations, "Hospitals working with the Swiss Pediatric Liver Center"
https://huginternet-hug23sitestma172.ideative.io/en/csfe/center/national-international-collaborations, "Research partnerships of the Swiss Pediatric Liver Center"
https://huginternet-hug23sitestma172.ideative.io/en/csfe/center/our-donors-associations, "list of donors for Swiss pediatric liver center"
https://huginternet-hug23sitestma172.ideative.io/en/csfe/center/our-donors-associations, "foundations supporting Swiss pediatric liver center"
https://huginternet-hug23sitestma172.ideative.io/en/csfe/center/our-donors-associations, "associations supporting liver center at HUG"
https://huginternet-hug23sitestma172.ideative.io/en/csfe/center/our-donors-associations, "private donors for Swiss pediatric liver center"
https://huginternet-hug23sitestma172.ideative.io/en/csfe/center/our-donors-associations, "how to donate to Swiss pediatric liver center"
https://huginternet-hug23sitestma172.ideative.io/en/csfe/center/our-internal-partners, "internal partners of Swiss pediatric liver center"
https://huginternet-hug23sitestma172.ideative.io/en/csfe/center/our-internal-partners, "collaborators at Swiss pediatric liver center"
https://huginternet-hug23sitestma172.ideative.io/en/csfe/center/our-internal-partners, "HUG liver center internal collaborators"
https://huginternet-hug23sitestma172.ideative.io/en/csfe/center/our-internal-partners, "list of internal partners at HUG liver center"
https://huginternet-hug23sitestma172.ideative.io/en/csfe/center/our-internal-partners, "partnerships within Swiss pediatric liver center"
https://huginternet-hug23sitestma172.ideative.io/en/csfe/center/our-team, "team members at Swiss pediatric liver center"
https://huginternet-hug23sitestma172.ideative.io/en/csfe/center/our-team, "pediatric liver center team"
https://huginternet-hug23sitestma172.ideative.io/en/csfe/center/our-team, "meet the team at Swiss pediatric liver center"
https://huginternet-hug23sitestma172.ideative.io/en/csfe/center/our-team, "HUG liver center staff"
https://huginternet-hug23sitestma172.ideative.io/en/csfe/center/our-team, "who is on the Swiss pediatric liver center team"
https://huginternet-hug23sitestma172.ideative.io/en/csfe/center/press-publications, "press articles Swiss pediatric liver center"
https://huginternet-hug23sitestma172.ideative.io/en/csfe/center/press-publications, "videos about Swiss pediatric liver center"
https://huginternet-hug23sitestma172.ideative.io/en/csfe/center/press-publications, "publications by Swiss pediatric liver center"
https://huginternet-hug23sitestma172.ideative.io/en/csfe/center/press-publications, "media coverage of Swiss pediatric liver center"
https://huginternet-hug23sitestma172.ideative.io/en/csfe/center/press-publications, "news about Swiss pediatric liver center"
https://huginternet-hug23sitestma172.ideative.io/en/csfe/center/useful-links, "resources for pediatric liver disease"
https://huginternet-hug23sitestma172.ideative.io/en/csfe/center/useful-links, "information for doctors on liver diseases"
https://huginternet-hug23sitestma172.ideative.io/en/csfe/center/useful-links, "support resources for parents of children with liver disease"
https://huginternet-hug23sitestma172.ideative.io/en/csfe/center/useful-links, "external links for liver disease information"
https://huginternet-hug23sitestma172.ideative.io/en/csfe/center/useful-links, "helpful websites for liver disease"
https://huginternet-hug23sitestma172.ideative.io/en/csfe/center/who-are-we, "about Swiss pediatric liver center"
https://huginternet-hug23sitestma172.ideative.io/en/csfe/center/who-are-we, "history of the Swiss pediatric liver center"
https://huginternet-hug23sitestma172.ideative.io/en/csfe/center/who-are-we, "mission of the Swiss pediatric liver center"
https://huginternet-hug23sitestma172.ideative.io/en/csfe/center/who-are-we, "objectives of the Swiss pediatric liver center"
https://huginternet-hug23sitestma172.ideative.io/en/csfe/center/who-are-we, "founders of Swiss pediatric liver center"
https://huginternet-hug23sitestma172.ideative.io/en/csfe/child-to-adult-transition, "transition from pediatric to adult liver care"
https://huginternet-hug23sitestma172.ideative.io/en/csfe/child-to-adult-transition, "child to adult liver care transition program"
https://huginternet-hug23sitestma172.ideative.io/en/csfe/child-to-adult-transition, "pediatric to adult liver care consultations"
https://huginternet-hug23sitestma172.ideative.io/en/csfe/child-to-adult-transition, "support for transitioning from pediatric to adult liver services"
https://huginternet-hug23sitestma172.ideative.io/en/csfe/child-to-adult-transition, "transition services at Swiss pediatric liver center"
https://huginternet-hug23sitestma172.ideative.io/en/csfe/faq, "FAQ on liver transplantation"
https://huginternet-hug23sitestma172.ideative.io/en/csfe/faq, "common questions about liver diseases"
https://huginternet-hug23sitestma172.ideative.io/en/csfe/faq, "answers to liver disease queries"
https://huginternet-hug23sitestma172.ideative.io/en/csfe/faq, "frequently asked questions liver center"
https://huginternet-hug23sitestma172.ideative.io/en/csfe/faq, "HUG liver center FAQ"
https://huginternet-hug23sitestma172.ideative.io/en/csfe/faq/after-transplantation, "post-liver transplant care"
https://huginternet-hug23sitestma172.ideative.io/en/csfe/faq/after-transplantation, "liver transplant recovery process"
https://huginternet-hug23sitestma172.ideative.io/en/csfe/faq/after-transplantation, "common issues after liver transplant"
https://huginternet-hug23sitestma172.ideative.io/en/csfe/faq/after-transplantation, "medications after liver transplant"
https://huginternet-hug23sitestma172.ideative.io/en/csfe/faq/after-transplantation, "lifestyle changes after liver transplant"
https://huginternet-hug23sitestma172.ideative.io/en/csfe/faq/before-transplantation, "pre-transplant liver evaluation"
https://huginternet-hug23sitestma172.ideative.io/en/csfe/faq/before-transplantation, "liver transplant eligibility criteria"
https://huginternet-hug23sitestma172.ideative.io/en/csfe/faq/before-transplantation, "pre-transplantation preparation steps"
https://huginternet-hug23sitestma172.ideative.io/en/csfe/faq/before-transplantation, "what to expect before liver transplant"
https://huginternet-hug23sitestma172.ideative.io/en/csfe/faq/before-transplantation, "frequently asked questions before liver transplant"
https://huginternet-hug23sitestma172.ideative.io/en/csfe/faq/complications-risk-rejection, "complications after liver transplant"
https://huginternet-hug23sitestma172.ideative.io/en/csfe/faq/complications-risk-rejection, "risk of liver transplant rejection"
https://huginternet-hug23sitestma172.ideative.io/en/csfe/faq/complications-risk-rejection, "post-transplant rejection symptoms"
https://huginternet-hug23sitestma172.ideative.io/en/csfe/faq/complications-risk-rejection, "how to manage transplant rejection"
https://huginternet-hug23sitestma172.ideative.io/en/csfe/faq/complications-risk-rejection, "preventing liver transplant rejection"
https://huginternet-hug23sitestma172.ideative.io/en/csfe/faq/liver-diseases, "What are the common liver diseases in children?"
https://huginternet-hug23sitestma172.ideative.io/en/csfe/faq/liver-diseases, "How can liver diseases be diagnosed in children?"
https://huginternet-hug23sitestma172.ideative.io/en/csfe/faq/liver-diseases, "What treatments are available for pediatric liver diseases?"
https://huginternet-hug23sitestma172.ideative.io/en/csfe/faq/liver-diseases, "Can my child be cured of a liver disease?"
https://huginternet-hug23sitestma172.ideative.io/en/csfe/faq/liver-diseases, "What is biliary atresia?"
https://huginternet-hug23sitestma172.ideative.io/en/csfe/faq/logistics-organization, "What are the meal options for parents at CSFE?"
https://huginternet-hug23sitestma172.ideative.io/en/csfe/faq/logistics-organization, "Can parents stay overnight in their child’s room at CSFE?"
https://huginternet-hug23sitestma172.ideative.io/en/csfe/faq/logistics-organization, "What insurance coverage is available for patients at CSFE?"
https://huginternet-hug23sitestma172.ideative.io/en/csfe/faq/logistics-organization, "What facilities are available for patient families at CSFE?"
https://huginternet-hug23sitestma172.ideative.io/en/csfe/faq/logistics-organization, "How can international patients arrange their visit to CSFE?"
https://huginternet-hug23sitestma172.ideative.io/en/csfe/liver, "What are the main functions of the liver?"
https://huginternet-hug23sitestma172.ideative.io/en/csfe/liver, "Where is the liver located in the body?"
https://huginternet-hug23sitestma172.ideative.io/en/csfe/liver, "What are the parts of the liver?"
https://huginternet-hug23sitestma172.ideative.io/en/csfe/liver, "What diseases does the Swiss pediatric liver center treat?"
https://huginternet-hug23sitestma172.ideative.io/en/csfe/liver, "How does the liver process sugars fats and proteins?"
https://huginternet-hug23sitestma172.ideative.io/en/csfe/liver-diseases, "Pediatric liver disease treatment at HUG"
https://huginternet-hug23sitestma172.ideative.io/en/csfe/liver-diseases, "Congenital liver problems in children"
https://huginternet-hug23sitestma172.ideative.io/en/csfe/liver-diseases, "Biliary atresia in newborns"
https://huginternet-hug23sitestma172.ideative.io/en/csfe/liver-diseases, "Auto-immune hepatitis diagnosis in children"
https://huginternet-hug23sitestma172.ideative.io/en/csfe/liver-diseases, "Swiss pediatric liver center treatments"
https://huginternet-hug23sitestma172.ideative.io/en/csfe/research, "International registry of congenital porto-systemic shunts"
https://huginternet-hug23sitestma172.ideative.io/en/csfe/research, "CPSS research database"
https://huginternet-hug23sitestma172.ideative.io/en/csfe/research, "Data collection on congenital porto-systemic shunts"
https://huginternet-hug23sitestma172.ideative.io/en/csfe/research, "Research on congenital porto-systemic shunts"
https://huginternet-hug23sitestma172.ideative.io/en/csfe/research, "HUG liver center research projects"
https://huginternet-hug23sitestma172.ideative.io/en/csfe/screening/card-ordering-payment-medical-staff, "Card ordering for medical staff"
https://huginternet-hug23sitestma172.ideative.io/en/csfe/screening/card-ordering-payment-medical-staff, "Payment process for stool color cards"
https://huginternet-hug23sitestma172.ideative.io/en/csfe/screening/card-ordering-payment-medical-staff, "Order form for stool color cards"
https://huginternet-hug23sitestma172.ideative.io/en/csfe/screening/card-ordering-payment-medical-staff, "Medical staff card ordering procedure"
https://huginternet-hug23sitestma172.ideative.io/en/csfe/screening/card-ordering-payment-medical-staff, "How to order stool color cards"
https://huginternet-hug23sitestma172.ideative.io/en/csfe/screening/donation, "How to donate to Swiss pediatric liver center"
https://huginternet-hug23sitestma172.ideative.io/en/csfe/screening/donation, "Support HUG screening program"
https://huginternet-hug23sitestma172.ideative.io/en/csfe/screening/donation, "Financial contribution for HUG liver screening"
https://huginternet-hug23sitestma172.ideative.io/en/csfe/screening/donation, "Donation methods for HUG"
https://huginternet-hug23sitestma172.ideative.io/en/csfe/screening/donation, "Where to donate for liver disease research"
https://huginternet-hug23sitestma172.ideative.io/en/csfe/screening/literature, "publications on pediatric liver diseases"
https://huginternet-hug23sitestma172.ideative.io/en/csfe/screening/literature, "recommended reading for liver conditions"
https://huginternet-hug23sitestma172.ideative.io/en/csfe/screening/literature, "literature on liver transplant in children"
https://huginternet-hug23sitestma172.ideative.io/en/csfe/screening/literature, "studies on biliary atresia"
https://huginternet-hug23sitestma172.ideative.io/en/csfe/screening/literature, "research articles on congenital liver issues"
https://huginternet-hug23sitestma172.ideative.io/en/csfe/screening/screening-and-biliary-atresia-screening-program, "biliary atresia stool color screening"
https://huginternet-hug23sitestma172.ideative.io/en/csfe/screening/screening-and-biliary-atresia-screening-program, "early detection biliary atresia"
https://huginternet-hug23sitestma172.ideative.io/en/csfe/screening/screening-and-biliary-atresia-screening-program, "newborn stool color observation"
https://huginternet-hug23sitestma172.ideative.io/en/csfe/screening/screening-and-biliary-atresia-screening-program, "Swiss study biliary atresia screening"
https://huginternet-hug23sitestma172.ideative.io/en/csfe/screening/screening-and-biliary-atresia-screening-program, "pediatric gastroenterologist consultation biliary atresia"
https://huginternet-hug23sitestma172.ideative.io/en/csfe/screening/useful-information, "contact Swiss pediatric liver center"
https://huginternet-hug23sitestma172.ideative.io/en/csfe/transplant/before-transplant, "pre-transplant assessment week"
https://huginternet-hug23sitestma172.ideative.io/en/csfe/transplant/before-transplant, "how to prepare for liver transplant"
https://huginternet-hug23sitestma172.ideative.io/en/csfe/transplant/before-transplant, "requirements for liver transplant at HUG"
https://huginternet-hug23sitestma172.ideative.io/en/csfe/transplant/before-transplant, "liver transplant process for children"
https://huginternet-hug23sitestma172.ideative.io/en/csfe/transplant/before-transplant, "what to expect before liver transplant"
https://huginternet-hug23sitestma172.ideative.io/en/csfe/transplant/liver-transplant, "liver transplant procedure"
https://huginternet-hug23sitestma172.ideative.io/en/csfe/transplant/liver-transplant, "steps of a liver transplant"
https://huginternet-hug23sitestma172.ideative.io/en/csfe/transplant/liver-transplant, "child liver transplant recovery"
https://huginternet-hug23sitestma172.ideative.io/en/csfe/transplant/liver-transplant, "post-transplant care for children"
https://huginternet-hug23sitestma172.ideative.io/en/csfe/transplant/liver-transplant, "what to expect after liver transplant surgery"
https://huginternet-hug23sitestma172.ideative.io/en/csfe/transplant/medical-follow-up-after-transplant, "post-transplant care instructions"
https://huginternet-hug23sitestma172.ideative.io/en/csfe/transplant/medical-follow-up-after-transplant, "medical follow-up schedule after liver transplant"
https://huginternet-hug23sitestma172.ideative.io/en/csfe/transplant/medical-follow-up-after-transplant, "activities after liver transplant"
https://huginternet-hug23sitestma172.ideative.io/en/csfe/transplant/medical-follow-up-after-transplant, "monitoring health after liver transplant"
https://huginternet-hug23sitestma172.ideative.io/en/csfe/transplant/medical-follow-up-after-transplant, "guidelines for follow-up care post-transplant"